Timestamp,Spot_Price,Expiry_Date,DTE,Call_Vol_GEX_Cr,Put_Vol_GEX_Cr,Net_Vol_GEX_Cr,Vol_Zero_Gamma_Level,Vol_GD,Vol_GEX_Regime,Call_Vol_DEX_Cr,Put_Vol_DEX_Cr,Net_Vol_DEX_Cr,Vol_Zero_Delta_Level,Vol_DD,Vol_DEX_Regime,Vol_GEX_ZScore,Vol_DEX_ZScore,Vol_Net_GEX_Change,Vol_Net_DEX_Change,Vol_Regime_Shift,Vol_Reversal_Signal
2026-08-26 09:02:42,24256.55,2026-09-01,6.269,0.00,0.00,0.00,23900.00,356.55,POSITIVE VOL GEX,0.00,0.00,0.00,23900.00,356.55,BULLISH VOL DEX,-4600.87,-36803.49,-2264.40,-11487.09,0,1
2026-08-26 09:03:44,24337.05,2026-09-01,6.268,0.00,0.00,0.00,24000.00,337.05,POSITIVE VOL GEX,0.00,0.00,0.00,24000.00,337.05,BULLISH VOL DEX,0.00,0.00,0.00,0.00,0,0
2026-08-26 09:04:04,24337.40,2026-09-01,6.268,0.00,0.00,0.00,24000.00,337.40,POSITIVE VOL GEX,0.00,0.00,0.00,24000.00,337.40,BULLISH VOL DEX,0.00,0.00,0.00,0.00,0,0
2026-08-26 09:05:05,24334.45,2026-09-01,6.267,0.00,0.00,0.00,24000.00,334.45,POSITIVE VOL GEX,0.00,0.00,0.00,24000.00,334.45,BULLISH VOL DEX,0.00,0.00,0.00,0.00,0,0
2026-08-26 09:06:07,24305.70,2026-09-01,6.267,0.00,0.00,0.00,23950.00,355.70,POSITIVE VOL GEX,0.00,0.00,0.00,23950.00,355.70,BULLISH VOL DEX,0.00,0.00,0.00,0.00,0,0
2026-08-26 09:07:08,24343.45,2026-09-01,6.266,0.00,0.00,0.00,24000.00,343.45,POSITIVE VOL GEX,0.00,0.00,0.00,24000.00,343.45,BULLISH VOL DEX,0.00,0.00,0.00,0.00,0,0
2026-08-26 09:08:09,24341.95,2026-09-01,6.265,0.00,0.00,0.00,24000.00,341.95,POSITIVE VOL GEX,0.00,0.00,0.00,24000.00,341.95,BULLISH VOL DEX,0.00,0.00,0.00,0.00,0,0
2026-08-26 09:09:10,24341.95,2026-09-01,6.264,0.00,0.00,0.00,24000.00,341.95,POSITIVE VOL GEX,0.00,0.00,0.00,24000.00,341.95,BULLISH VOL DEX,0.00,0.00,0.00,0.00,0,0
2026-08-26 09:10:11,24341.95,2026-09-01,6.264,0.00,0.00,0.00,24000.00,341.95,POSITIVE VOL GEX,0.00,0.00,0.00,24000.00,341.95,BULLISH VOL DEX,0.00,0.00,0.00,0.00,0,0
2026-08-26 09:11:12,24341.95,2026-09-01,6.263,0.00,0.00,0.00,24000.00,341.95,POSITIVE VOL GEX,0.00,0.00,0.00,24000.00,341.95,BULLISH VOL DEX,0.00,0.00,0.00,0.00,0,0
2026-08-26 09:12:14,24341.95,2026-09-01,6.262,0.00,0.00,0.00,24000.00,341.95,POSITIVE VOL GEX,0.00,0.00,0.00,24000.00,341.95,BULLISH VOL DEX,0.00,0.00,0.00,0.00,0,0
2026-08-26 09:13:15,24341.95,2026-09-01,6.262,0.00,0.00,0.00,24000.00,341.95,POSITIVE VOL GEX,0.00,0.00,0.00,24000.00,341.95,BULLISH VOL DEX,0.00,0.00,0.00,0.00,0,0
2026-08-26 09:14:16,24341.95,2026-09-01,6.261,0.00,0.00,0.00,24000.00,341.95,POSITIVE VOL GEX,0.00,0.00,0.00,24000.00,341.95,BULLISH VOL DEX,0.00,0.00,0.00,0.00,0,0
2026-08-26 09:15:17,24354.35,2026-09-01,6.260,236.18,-267.30,-31.12,24225.34,129.01,NEGATIVE VOL GEX,376.51,-280.35,96.16,24315.22,39.13,BULLISH VOL DEX,0.00,0.00,-31.12,96.16,1,1
2026-08-26 09:16:18,24335.55,2026-09-01,6.260,746.02,-969.10,-223.08,24334.09,1.46,NEGATIVE VOL GEX,1104.21,-1085.62,18.59,24338.49,-2.94,BULLISH VOL DEX,-26.55,0.46,-191.96,-77.57,0,1
2026-08-26 09:17:19,24336.45,2026-09-01,6.259,1046.99,-1449.71,-402.73,24372.67,-36.22,NEGATIVE VOL GEX,1556.65,-1610.32,-53.67,24349.39,-12.94,BEARISH VOL DEX,-6.70,-2.46,-179.65,-72.26,1,1
2026-08-26 09:18:21,24316.30,2026-09-01,6.258,1243.36,-2021.35,-777.99,24432.44,-116.14,NEGATIVE VOL GEX,1854.31,-2333.55,-479.24,24363.56,-47.26,BEARISH VOL DEX,-6.62,-16.91,-375.26,-425.57,0,1
2026-08-26 09:19:22,24313.70,2026-09-01,6.257,1459.00,-2491.19,-1032.18,24464.33,-150.63,NEGATIVE VOL GEX,2180.94,-2891.85,-710.91,24370.10,-56.40,BEARISH VOL DEX,-4.54,-5.70,-254.19,-231.67,0,1
2026-08-26 09:20:23,24321.00,2026-09-01,6.257,1662.42,-2887.95,-1225.53,24505.50,-184.50,NEGATIVE VOL GEX,2534.48,-3187.93,-653.45,24365.88,-44.88,BEARISH VOL DEX,-3.61,-2.96,-193.35,57.46,0,1
2026-08-26 09:21:24,24335.25,2026-09-01,6.256,2100.39,-3160.00,-1059.60,24404.93,-69.68,NEGATIVE VOL GEX,3157.17,-3468.10,-310.94,24357.59,-22.34,BEARISH VOL DEX,-2.25,-0.92,165.93,342.51,0,1
2026-08-26 09:22:26,24343.35,2026-09-01,6.255,2494.43,-3460.31,-965.89,24358.03,-14.68,NEGATIVE VOL GEX,3820.04,-3722.21,97.83,24346.38,-3.03,BULLISH VOL DEX,-1.73,0.86,93.71,408.77,1,1
2026-08-26 09:23:27,24343.65,2026-09-01,6.255,2735.73,-3710.66,-974.93,24328.71,14.94,NEGATIVE VOL GEX,4244.17,-3977.84,266.34,24340.85,2.80,BULLISH VOL DEX,-1.54,1.53,-9.04,168.51,0,1
2026-08-26 09:24:28,24351.25,2026-09-01,6.254,2941.49,-3881.55,-940.06,24315.25,36.00,NEGATIVE VOL GEX,4648.52,-4080.62,567.90,24338.17,13.08,BULLISH VOL DEX,-1.30,2.60,34.87,301.56,0,1
2026-08-26 09:25:29,24350.30,2026-09-01,6.253,3223.38,-4029.14,-805.76,24302.22,48.08,NEGATIVE VOL GEX,5013.84,-4400.70,613.14,24341.53,8.77,BULLISH VOL DEX,-0.89,2.31,134.30,45.24,0,1
2026-08-26 09:26:30,24357.35,2026-09-01,6.252,3457.47,-4275.60,-818.13,24286.43,70.92,NEGATIVE VOL GEX,5536.63,-4564.72,971.91,24337.86,19.49,BULLISH VOL DEX,-0.83,3.05,-12.37,358.77,0,1
2026-08-26 09:27:31,24358.75,2026-09-01,6.252,3757.92,-4423.91,-665.98,24266.97,91.78,NEGATIVE VOL GEX,5956.23,-4757.41,1198.82,24332.16,26.59,BULLISH VOL DEX,-0.43,2.97,152.15,226.91,0,1
2026-08-26 09:28:33,24354.90,2026-09-01,6.251,3951.77,-4600.88,-649.11,24264.34,90.56,NEGATIVE VOL GEX,6166.20,-5040.44,1125.75,24331.42,23.48,BULLISH VOL DEX,-0.33,2.20,16.87,-73.07,0,1
2026-08-26 09:29:34,24349.60,2026-09-01,6.250,4037.88,-4830.06,-792.18,24268.26,81.34,NEGATIVE VOL GEX,6266.54,-5338.38,928.16,24333.37,16.23,BULLISH VOL DEX,-0.58,1.49,-143.07,-197.59,0,1
2026-08-26 09:30:35,24349.05,2026-09-01,6.250,4146.70,-5038.51,-891.81,24265.07,83.98,NEGATIVE VOL GEX,6433.04,-5465.42,967.62,24328.71,20.34,BULLISH VOL DEX,-0.74,1.41,-99.63,39.46,0,1
2026-08-26 09:31:36,24346.55,2026-09-01,6.249,4345.65,-5331.65,-986.00,24285.78,60.77,NEGATIVE VOL GEX,6685.61,-5991.99,693.62,24338.98,7.57,BULLISH VOL DEX,-0.89,0.79,-94.19,-274.00,0,1
2026-08-26 09:32:37,24349.80,2026-09-01,6.248,4483.36,-5498.75,-1015.38,24286.15,63.65,NEGATIVE VOL GEX,6926.64,-6110.05,816.58,24339.29,10.51,BULLISH VOL DEX,-0.88,0.94,-29.38,122.96,0,1
2026-08-26 09:33:39,24352.35,2026-09-01,6.247,4606.69,-5687.41,-1080.72,24290.00,62.35,NEGATIVE VOL GEX,7201.17,-6276.05,925.11,24340.76,11.59,BULLISH VOL DEX,-0.97,1.04,-65.34,108.53,0,1
2026-08-26 09:34:40,24344.55,2026-09-01,6.247,4759.92,-5974.10,-1214.17,24290.55,54.00,NEGATIVE VOL GEX,7267.44,-6642.03,625.41,24335.27,9.28,BULLISH VOL DEX,-1.29,0.45,-133.45,-299.70,0,1
2026-08-26 09:35:41,24346.60,2026-09-01,6.246,4862.06,-6128.08,-1266.02,24290.95,55.65,NEGATIVE VOL GEX,7468.98,-6754.39,714.59,24335.80,10.80,BULLISH VOL DEX,-1.41,0.55,-51.85,89.18,0,1
2026-08-26 09:36:43,24347.20,2026-09-01,6.245,5023.92,-6133.29,-1109.37,24293.11,54.09,NEGATIVE VOL GEX,7638.64,-6958.19,680.45,24341.00,6.20,BULLISH VOL DEX,-0.84,0.44,156.65,-34.14,0,1
2026-08-26 09:37:44,24351.75,2026-09-01,6.245,5055.76,-6419.67,-1363.91,24291.89,59.86,NEGATIVE VOL GEX,7895.38,-6938.30,957.09,24336.86,14.89,BULLISH VOL DEX,-2.01,0.85,-254.54,276.64,0,1
2026-08-26 09:38:46,24353.75,2026-09-01,6.244,5170.29,-6564.90,-1394.62,24292.90,60.85,NEGATIVE VOL GEX,8106.47,-7059.04,1047.43,24337.40,16.35,BULLISH VOL DEX,-2.10,0.92,-30.71,90.34,0,1
2026-08-26 09:39:47,24355.20,2026-09-01,6.243,5301.40,-6677.00,-1375.60,24284.74,70.46,NEGATIVE VOL GEX,8370.32,-7173.86,1196.46,24336.37,18.83,BULLISH VOL DEX,-1.72,1.10,19.02,149.03,0,1
2026-08-26 09:40:48,24362.50,2026-09-01,6.242,5649.37,-6862.14,-1212.78,24279.37,83.13,NEGATIVE VOL GEX,9000.36,-7423.23,1577.13,24340.55,21.95,BULLISH VOL DEX,-0.81,1.85,162.82,380.67,0,1
2026-08-26 09:41:49,24366.00,2026-09-01,6.242,5842.95,-6889.49,-1046.54,24243.62,122.38,NEGATIVE VOL GEX,9373.92,-7446.62,1927.30,24336.80,29.20,BULLISH VOL DEX,-0.08,2.72,166.24,350.17,0,1
2026-08-26 09:42:51,24366.55,2026-09-01,6.241,6156.82,-7281.15,-1124.33,24233.60,132.95,NEGATIVE VOL GEX,9960.14,-7823.92,2136.22,24335.74,30.81,BULLISH VOL DEX,-0.43,3.01,-77.79,208.92,0,1
2026-08-26 09:43:52,24368.80,2026-09-01,6.240,6343.15,-7431.41,-1088.27,24225.55,143.25,NEGATIVE VOL GEX,10331.59,-7940.40,2391.19,24334.37,34.43,BULLISH VOL DEX,-0.23,3.07,36.06,254.97,0,1
2026-08-26 09:44:53,24370.20,2026-09-01,6.240,6521.60,-7565.47,-1043.86,24218.21,151.99,NEGATIVE VOL GEX,10675.60,-8080.20,2595.40,24333.56,36.64,BULLISH VOL DEX,-0.01,2.88,44.41,204.21,0,1
2026-08-26 09:45:55,24373.65,2026-09-01,6.239,6725.43,-7756.15,-1030.72,24219.60,154.05,NEGATIVE VOL GEX,11030.61,-8212.94,2817.67,24334.30,39.35,BULLISH VOL DEX,0.07,2.69,13.14,222.27,0,1
2026-08-26 09:46:56,24375.10,2026-09-01,6.238,6911.15,-7859.31,-948.17,24208.28,166.82,NEGATIVE VOL GEX,11369.10,-8315.24,3053.86,24332.14,42.96,BULLISH VOL DEX,0.51,2.55,82.55,236.19,0,1
2026-08-26 09:47:57,24374.90,2026-09-01,6.238,7079.48,-7984.62,-905.14,24208.46,166.44,NEGATIVE VOL GEX,11568.64,-8471.15,3097.49,24332.34,42.56,BULLISH VOL DEX,0.76,2.15,43.03,43.63,0,0
2026-08-26 09:48:58,24372.75,2026-09-01,6.237,7142.50,-8221.76,-1079.27,24213.46,159.29,NEGATIVE VOL GEX,11662.09,-8713.92,2948.16,24333.76,38.99,BULLISH VOL DEX,-0.01,1.66,-174.13,-149.33,0,1
2026-08-26 09:49:59,24369.70,2026-09-01,6.236,7361.50,-8419.63,-1058.13,24217.76,151.94,NEGATIVE VOL GEX,11812.72,-9041.13,2771.59,24334.52,35.18,BULLISH VOL DEX,0.24,1.28,21.14,-176.57,0,1
2026-08-26 09:51:01,24368.80,2026-09-01,6.235,7513.30,-8630.47,-1117.18,24220.99,147.81,NEGATIVE VOL GEX,11981.19,-9281.05,2700.14,24335.35,33.45,BULLISH VOL DEX,-0.04,1.07,-59.05,-71.45,0,1
2026-08-26 09:52:02,24366.85,2026-09-01,6.235,7579.80,-8748.40,-1168.59,24224.25,142.60,NEGATIVE VOL GEX,12028.99,-9471.21,2557.78,24336.32,30.53,BULLISH VOL DEX,-0.33,0.82,-51.41,-142.36,0,1
2026-08-26 09:53:03,24366.35,2026-09-01,6.234,7728.03,-8871.30,-1143.27,24227.00,139.35,NEGATIVE VOL GEX,12153.75,-9647.01,2506.75,24336.64,29.71,BULLISH VOL DEX,-0.08,0.68,25.32,-51.03,0,1
2026-08-26 09:54:04,24361.40,2026-09-01,6.233,7828.83,-9305.68,-1476.85,24261.28,100.12,NEGATIVE VOL GEX,12253.56,-10180.28,2073.27,24340.97,20.43,BULLISH VOL DEX,-2.54,0.12,-333.58,-433.48,0,1
2026-08-26 09:55:06,24366.05,2026-09-01,6.233,7923.26,-9212.69,-1289.43,24234.17,131.88,NEGATIVE VOL GEX,12445.39,-10027.06,2418.33,24338.60,27.45,BULLISH VOL DEX,-0.86,0.46,187.42,345.06,0,1
2026-08-26 09:56:07,24367.55,2026-09-01,6.232,7998.59,-9366.41,-1367.82,24230.58,136.97,NEGATIVE VOL GEX,12712.17,-10111.00,2601.17,24338.55,29.00,BULLISH VOL DEX,-1.33,0.61,-78.39,182.84,0,1
2026-08-26 09:57:08,24371.50,2026-09-01,6.231,8286.59,-9378.14,-1091.55,24225.06,146.44,NEGATIVE VOL GEX,13062.51,-10099.99,2962.52,24336.77,34.73,BULLISH VOL DEX,0.47,1.03,276.27,361.35,0,1
2026-08-26 09:58:10,24368.55,2026-09-01,6.230,8431.93,-9447.82,-1015.89,24222.78,145.77,NEGATIVE VOL GEX,13138.16,-10321.27,2816.90,24335.95,32.60,BULLISH VOL DEX,0.94,0.75,75.66,-145.62,0,1
2026-08-26 09:59:11,24368.60,2026-09-01,6.230,8457.13,-9619.59,-1162.46,24224.49,144.11,NEGATIVE VOL GEX,13243.79,-10435.08,2808.71,24337.17,31.43,BULLISH VOL DEX,-0.09,0.68,-146.57,-8.19,0,1
2026-08-26 10:00:12,24366.95,2026-09-01,6.229,8556.67,-9685.34,-1128.67,24223.80,143.15,NEGATIVE VOL GEX,13301.95,-10600.26,2701.69,24337.06,29.89,BULLISH VOL DEX,0.06,0.41,33.79,-107.02,0,1
2026-08-26 10:01:13,24365.85,2026-09-01,6.228,8598.71,-9813.56,-1214.86,24227.59,138.26,NEGATIVE VOL GEX,13362.31,-10794.40,2567.91,24338.04,27.81,BULLISH VOL DEX,-0.67,-0.01,-86.19,-133.78,0,1
2026-08-26 10:02:14,24360.50,2026-09-01,6.228,8811.98,-10328.88,-1516.90,24261.69,98.81,NEGATIVE VOL GEX,13509.00,-11459.99,2049.01,24341.53,18.97,BULLISH VOL DEX,-2.91,-1.81,-302.04,-518.90,0,1
2026-08-26 10:03:16,24356.75,2026-09-01,6.227,8828.18,-10908.48,-2080.30,24263.21,93.54,NEGATIVE VOL GEX,13673.06,-11877.26,1795.80,24338.79,17.96,BULLISH VOL DEX,-5.86,-2.74,-563.40,-253.21,0,1
2026-08-26 10:04:17,24356.15,2026-09-01,6.226,9050.92,-10832.57,-1781.66,24272.12,84.03,NEGATIVE VOL GEX,13794.96,-12256.26,1538.70,24344.73,11.42,BULLISH VOL DEX,-2.24,-3.15,298.64,-257.10,0,1
2026-08-26 10:05:18,24360.60,2026-09-01,6.225,9188.80,-10915.91,-1727.10,24275.03,85.57,NEGATIVE VOL GEX,14044.10,-12209.39,1834.71,24345.31,15.29,BULLISH VOL DEX,-1.70,-1.77,54.56,296.01,0,1
2026-08-26 10:06:19,24355.20,2026-09-01,6.225,9290.77,-11210.63,-1919.86,24284.22,70.98,NEGATIVE VOL GEX,14018.13,-12762.92,1255.21,24347.01,8.19,BULLISH VOL DEX,-2.13,-2.86,-192.76,-579.50,0,1
2026-08-26 10:07:20,24345.90,2026-09-01,6.224,9495.54,-11567.69,-2072.15,24295.05,50.85,NEGATIVE VOL GEX,13963.84,-13697.72,266.12,24348.91,-3.01,BULLISH VOL DEX,-2.28,-4.18,-152.29,-989.09,0,1
2026-08-26 10:08:21,24344.05,2026-09-01,6.223,9618.51,-12236.15,-2617.64,24312.76,31.29,NEGATIVE VOL GEX,14206.33,-14444.09,-237.76,24353.96,-9.91,BEARISH VOL DEX,-3.44,-3.66,-545.49,-503.88,1,1
2026-08-26 10:09:22,24344.00,2026-09-01,6.223,9808.38,-12340.48,-2532.10,24316.05,27.95,NEGATIVE VOL GEX,14386.54,-14695.45,-308.91,24353.79,-9.79,BEARISH VOL DEX,-2.44,-2.80,85.54,-71.15,0,1
2026-08-26 10:10:24,24344.95,2026-09-01,6.222,10013.42,-12415.65,-2402.23,24320.90,24.05,NEGATIVE VOL GEX,14539.69,-14851.03,-311.34,24353.67,-8.72,BEARISH VOL DEX,-1.78,-2.27,129.87,-2.43,0,1
2026-08-26 10:11:25,24335.80,2026-09-01,6.221,10273.62,-12768.07,-2494.45,24334.04,1.76,NEGATIVE VOL GEX,14467.60,-15899.61,-1432.01,24355.44,-19.64,BEARISH VOL DEX,-1.74,-2.93,-92.22,-1120.67,0,1
2026-08-26 10:12:26,24340.70,2026-09-01,6.221,10326.66,-13506.00,-3179.34,24346.72,-6.02,NEGATIVE VOL GEX,14960.67,-16263.10,-1302.43,24360.50,-19.80,BEARISH VOL DEX,-2.80,-2.23,-684.89,129.58,0,1
2026-08-26 10:13:28,24343.95,2026-09-01,6.220,10583.51,-13730.23,-3146.72,24350.19,-6.24,NEGATIVE VOL GEX,15306.03,-16381.32,-1075.30,24360.41,-16.46,BEARISH VOL DEX,-2.21,-1.74,32.62,227.13,0,1
2026-08-26 10:14:29,24347.95,2026-09-01,6.219,10833.27,-13929.17,-3095.90,24351.05,-3.10,NEGATIVE VOL GEX,15717.94,-16444.15,-726.21,24360.53,-12.58,BEARISH VOL DEX,-1.81,-1.30,50.82,349.09,0,1
2026-08-26 10:15:30,24347.30,2026-09-01,6.218,10890.50,-14235.95,-3345.44,24351.05,-3.75,NEGATIVE VOL GEX,15901.97,-16722.80,-820.83,24361.40,-14.10,BEARISH VOL DEX,-1.93,-1.23,-249.54,-94.62,0,1
2026-08-26 10:16:32,24343.95,2026-09-01,6.218,11130.45,-14177.42,-3046.97,24353.14,-9.19,NEGATIVE VOL GEX,15905.07,-17051.39,-1146.32,24359.89,-15.94,BEARISH VOL DEX,-1.29,-1.31,298.47,-325.49,0,1
2026-08-26 10:17:33,24329.70,2026-09-01,6.217,10880.30,-14759.46,-3879.15,24392.74,-63.04,NEGATIVE VOL GEX,15415.38,-18476.16,-3060.78,24365.24,-35.54,BEARISH VOL DEX,-2.22,-2.37,-832.18,-1914.46,0,1
2026-08-26 10:18:34,24324.45,2026-09-01,6.216,11018.68,-15416.72,-4398.04,24405.37,-80.92,NEGATIVE VOL GEX,15529.00,-19539.09,-4010.09,24368.40,-43.95,BEARISH VOL DEX,-2.54,-2.57,-518.89,-949.31,0,1
2026-08-26 10:19:35,24318.10,2026-09-01,6.216,11168.96,-15786.26,-4617.30,24417.44,-99.34,NEGATIVE VOL GEX,15515.41,-20537.56,-5022.15,24370.04,-51.94,BEARISH VOL DEX,-2.39,-2.69,-219.26,-1012.06,0,1
2026-08-26 10:20:37,24319.00,2026-09-01,6.215,11272.11,-16171.93,-4899.82,24423.59,-104.59,NEGATIVE VOL GEX,15813.86,-20900.11,-5086.25,24371.14,-52.14,BEARISH VOL DEX,-2.33,-2.27,-282.52,-64.10,0,1
2026-08-26 10:21:38,24305.35,2026-09-01,6.214,11528.78,-16848.21,-5319.43,24448.73,-143.38,NEGATIVE VOL GEX,15784.23,-22979.66,-7195.43,24373.39,-68.04,BEARISH VOL DEX,-2.42,-2.89,-419.61,-2109.18,0,1
2026-08-26 10:22:39,24308.10,2026-09-01,6.213,11687.30,-17699.95,-6012.64,24485.57,-177.47,NEGATIVE VOL GEX,16206.34,-23153.54,-6947.20,24370.26,-62.16,BEARISH VOL DEX,-2.70,-2.27,-693.21,248.23,0,1
2026-08-26 10:23:40,24299.85,2026-09-01,6.213,11908.03,-17624.88,-5716.86,24461.74,-161.89,NEGATIVE VOL GEX,16038.80,-24377.70,-8338.91,24374.56,-74.71,BEARISH VOL DEX,-2.00,-2.45,295.78,-1391.71,0,1
2026-08-26 10:24:41,24304.65,2026-09-01,6.212,12135.71,-18319.65,-6183.94,24475.93,-171.28,NEGATIVE VOL GEX,16666.62,-24965.21,-8298.59,24377.68,-73.03,BEARISH VOL DEX,-2.08,-2.06,-467.08,40.32,0,1
2026-08-26 10:25:43,24302.30,2026-09-01,6.211,12178.18,-18746.75,-6568.57,24470.82,-168.52,NEGATIVE VOL GEX,16835.26,-25509.91,-8674.65,24377.87,-75.57,BEARISH VOL DEX,-2.08,-1.91,-384.63,-376.06,0,1
2026-08-26 10:26:44,24296.70,2026-09-01,6.211,12200.19,-18808.12,-6607.93,24474.22,-177.52,NEGATIVE VOL GEX,16715.66,-26362.82,-9647.15,24379.81,-83.11,BEARISH VOL DEX,-1.85,-1.99,-39.36,-972.50,0,1
2026-08-26 10:27:45,24298.20,2026-09-01,6.210,12263.63,-19192.69,-6929.06,24479.66,-181.46,NEGATIVE VOL GEX,16919.52,-26511.45,-9591.93,24380.07,-81.87,BEARISH VOL DEX,-1.85,-1.73,-321.13,55.22,0,1
2026-08-26 10:28:46,24301.30,2026-09-01,6.209,12388.02,-19415.39,-7027.37,24477.16,-175.86,NEGATIVE VOL GEX,17182.24,-26552.02,-9369.78,24381.30,-80.00,BEARISH VOL DEX,-1.71,-1.48,-98.31,222.15,0,1
2026-08-26 10:29:48,24304.50,2026-09-01,6.208,12549.50,-19788.77,-7239.27,24478.38,-173.88,NEGATIVE VOL GEX,17531.47,-26576.80,-9045.33,24381.08,-76.58,BEARISH VOL DEX,-1.64,-1.24,-211.90,324.45,0,1
2026-08-26 10:30:49,24309.45,2026-09-01,6.208,12793.23,-20063.89,-7270.66,24474.14,-164.69,NEGATIVE VOL GEX,17981.66,-26440.91,-8459.26,24381.25,-71.80,BEARISH VOL DEX,-1.49,-0.96,-31.39,586.07,0,1
2026-08-26 10:30:56,24308.35,2026-09-01,6.208,12824.56,-20026.14,-7201.58,24477.63,-169.28,NEGATIVE VOL GEX,17953.97,-26555.47,-8601.50,24380.55,-72.20,BEARISH VOL DEX,-1.31,-0.91,69.08,-142.24,0,1
2026-08-26 10:31:20,24311.40,2026-09-01,6.207,12892.66,-20227.05,-7334.39,24475.10,-163.70,NEGATIVE VOL GEX,18219.85,-26409.04,-8189.20,24380.40,-69.00,BEARISH VOL DEX,-1.29,-0.70,-132.81,412.30,0,1
2026-08-26 10:31:45,24311.90,2026-09-01,6.207,13060.19,-20195.37,-7135.18,24479.71,-167.81,NEGATIVE VOL GEX,18345.19,-26419.72,-8074.53,24379.05,-67.15,BEARISH VOL DEX,-1.05,-0.59,199.21,114.67,0,1
2026-08-26 10:32:46,24315.20,2026-09-01,6.206,13152.74,-20327.07,-7174.33,24468.62,-153.42,NEGATIVE VOL GEX,18684.40,-26203.21,-7518.81,24378.18,-62.98,BEARISH VOL DEX,-0.98,-0.33,-39.15,555.72,0,1
2026-08-26 10:33:48,24316.65,2026-09-01,6.206,13553.23,-20381.92,-6828.69,24471.47,-154.82,NEGATIVE VOL GEX,19044.94,-26349.74,-7304.80,24376.18,-59.53,BEARISH VOL DEX,-0.66,-0.16,345.64,214.01,0,1
2026-08-26 10:34:49,24316.85,2026-09-01,6.205,13491.31,-20699.16,-7207.85,24464.75,-147.90,NEGATIVE VOL GEX,19203.20,-26566.80,-7363.60,24377.56,-60.71,BEARISH VOL DEX,-0.88,-0.08,-379.16,-58.80,0,1
2026-08-26 10:35:50,24320.15,2026-09-01,6.204,13661.70,-20796.59,-7134.88,24466.98,-146.83,NEGATIVE VOL GEX,19557.00,-26415.81,-6858.81,24376.57,-56.42,BEARISH VOL DEX,-0.78,0.34,72.97,504.79,0,1
2026-08-26 10:36:52,24320.75,2026-09-01,6.204,13956.15,-20693.86,-6737.71,24468.27,-147.52,NEGATIVE VOL GEX,19688.45,-26407.17,-6718.72,24374.79,-54.04,BEARISH VOL DEX,-0.31,0.63,397.17,140.09,0,1
2026-08-26 10:37:53,24318.35,2026-09-01,6.203,13992.04,-20892.89,-6900.85,24467.76,-149.41,NEGATIVE VOL GEX,19682.07,-26760.37,-7078.29,24374.79,-56.44,BEARISH VOL DEX,-0.41,0.57,-163.14,-359.57,0,1
2026-08-26 10:38:54,24320.15,2026-09-01,6.202,13933.20,-21196.94,-7263.75,24462.77,-142.62,NEGATIVE VOL GEX,19895.76,-26771.49,-6875.73,24375.88,-55.73,BEARISH VOL DEX,-0.85,0.92,-362.90,202.56,0,1
2026-08-26 10:39:55,24321.25,2026-09-01,6.201,13957.98,-21861.05,-7903.07,24491.63,-170.38,NEGATIVE VOL GEX,20217.05,-26627.46,-6410.41,24371.00,-49.75,BEARISH VOL DEX,-1.96,1.67,-639.32,465.32,0,1
2026-08-26 10:40:57,24319.55,2026-09-01,6.201,14270.69,-21424.26,-7153.57,24461.62,-142.07,NEGATIVE VOL GEX,20214.58,-27188.81,-6974.23,24374.77,-55.22,BEARISH VOL DEX,-0.46,0.99,749.50,-563.82,0,1
2026-08-26 10:41:58,24317.75,2026-09-01,6.200,14314.01,-21530.14,-7216.13,24462.14,-144.39,NEGATIVE VOL GEX,20224.59,-27556.28,-7331.69,24375.29,-57.54,BEARISH VOL DEX,-0.52,0.63,-62.56,-357.46,0,1
2026-08-26 10:43:00,24320.75,2026-09-01,6.199,14353.35,-21749.22,-7395.86,24464.42,-143.67,NEGATIVE VOL GEX,20483.30,-27427.25,-6943.95,24375.49,-54.74,BEARISH VOL DEX,-0.97,0.96,-179.73,387.74,0,1
2026-08-26 10:44:01,24328.15,2026-09-01,6.199,14592.73,-22038.28,-7445.55,24460.90,-132.75,NEGATIVE VOL GEX,21178.73,-27018.10,-5839.37,24375.28,-47.13,BEARISH VOL DEX,-1.11,1.95,-49.69,1104.58,0,1
2026-08-26 10:45:02,24327.70,2026-09-01,6.198,14844.22,-21891.77,-7047.55,24461.79,-134.09,NEGATIVE VOL GEX,21346.48,-27172.62,-5826.14,24373.65,-45.95,BEARISH VOL DEX,0.39,1.71,398.00,13.23,0,1
2026-08-26 10:46:03,24314.70,2026-09-01,6.197,14799.95,-22366.81,-7566.86,24468.98,-154.28,NEGATIVE VOL GEX,20912.78,-28931.73,-8018.95,24374.93,-60.23,BEARISH VOL DEX,-1.56,-0.46,-519.31,-2192.81,0,1
2026-08-26 10:47:04,24316.25,2026-09-01,6.196,14946.73,-22214.25,-7267.52,24466.25,-150.00,NEGATIVE VOL GEX,21078.65,-28847.44,-7768.80,24374.04,-57.79,BEARISH VOL DEX,-0.23,-0.34,299.34,250.15,0,1
2026-08-26 10:48:06,24317.70,2026-09-01,6.196,14994.82,-22559.54,-7564.72,24466.16,-148.46,NEGATIVE VOL GEX,21273.99,-28945.49,-7671.49,24374.97,-57.27,BEARISH VOL DEX,-1.35,-0.36,-297.20,97.31,0,1
2026-08-26 10:49:07,24318.15,2026-09-01,6.195,15023.74,-22787.42,-7763.68,24464.47,-146.32,NEGATIVE VOL GEX,21401.10,-29081.21,-7680.11,24375.67,-57.52,BEARISH VOL DEX,-1.98,-0.50,-198.96,-8.62,0,1
2026-08-26 10:50:08,24317.90,2026-09-01,6.194,15045.18,-22969.12,-7923.94,24465.50,-147.60,NEGATIVE VOL GEX,21483.14,-29201.50,-7718.36,24375.45,-57.55,BEARISH VOL DEX,-2.28,-0.64,-160.26,-38.25,0,1
2026-08-26 10:51:10,24318.15,2026-09-01,6.194,15326.23,-22620.08,-7293.85,24474.37,-156.22,NEGATIVE VOL GEX,21540.11,-29245.33,-7705.22,24374.14,-55.99,BEARISH VOL DEX,0.01,-0.74,630.09,13.14,0,1
2026-08-26 10:52:11,24316.50,2026-09-01,6.193,15330.54,-22724.79,-7394.25,24474.20,-157.70,NEGATIVE VOL GEX,21515.63,-29528.84,-8013.21,24374.33,-57.83,BEARISH VOL DEX,-0.30,-1.29,-100.40,-307.99,0,1
2026-08-26 10:53:12,24317.85,2026-09-01,6.192,15282.02,-23073.85,-7791.83,24471.51,-153.66,NEGATIVE VOL GEX,21684.87,-29576.29,-7891.42,24375.42,-57.57,BEARISH VOL DEX,-1.49,-1.11,-397.58,121.79,0,1
2026-08-26 10:54:14,24318.00,2026-09-01,6.192,15229.30,-23397.39,-8168.10,24468.61,-150.61,NEGATIVE VOL GEX,21785.42,-29732.13,-7946.71,24376.38,-58.38,BEARISH VOL DEX,-2.44,-1.14,-376.27,-55.29,0,1
2026-08-26 10:55:15,24319.55,2026-09-01,6.191,15312.65,-23498.19,-8185.54,24467.75,-148.20,NEGATIVE VOL GEX,21964.12,-29716.11,-7752.00,24376.67,-57.12,BEARISH VOL DEX,-2.14,-0.77,-17.44,194.71,0,1
2026-08-26 10:56:16,24319.40,2026-09-01,6.190,15430.42,-23492.82,-8062.40,24471.82,-152.42,NEGATIVE VOL GEX,21992.75,-29747.64,-7754.89,24375.77,-56.37,BEARISH VOL DEX,-1.52,-0.74,123.14,-2.89,0,1
2026-08-26 10:57:17,24321.70,2026-09-01,6.189,15487.31,-23669.39,-8182.07,24470.14,-148.44,NEGATIVE VOL GEX,22209.48,-29652.02,-7442.54,24376.14,-54.44,BEARISH VOL DEX,-1.64,-0.21,-119.67,312.35,0,1
2026-08-26 10:58:19,24327.85,2026-09-01,6.189,15759.84,-23810.02,-8050.18,24470.34,-142.49,NEGATIVE VOL GEX,22814.13,-29295.26,-6481.13,24375.79,-47.94,BEARISH VOL DEX,-1.19,1.26,131.89,961.41,0,1
2026-08-26 10:59:20,24323.10,2026-09-01,6.188,15699.63,-23903.04,-8203.41,24465.78,-142.68,NEGATIVE VOL GEX,22644.24,-29892.28,-7248.04,24376.12,-53.02,BEARISH VOL DEX,-1.50,0.08,-153.23,-766.91,0,1
2026-08-26 11:00:21,24317.25,2026-09-01,6.187,15814.07,-23964.02,-8149.94,24469.08,-151.83,NEGATIVE VOL GEX,22423.65,-30629.01,-8205.35,24375.17,-57.92,BEARISH VOL DEX,-1.21,-1.28,53.47,-957.31,0,1
2026-08-26 11:01:22,24310.60,2026-09-01,6.187,15845.61,-24244.35,-8398.73,24478.78,-168.18,NEGATIVE VOL GEX,22180.62,-31662.35,-9481.73,24375.75,-65.15,BEARISH VOL DEX,-1.76,-3.03,-248.79,-1276.38,0,1
2026-08-26 11:02:24,24318.10,2026-09-01,6.186,15807.24,-24835.65,-9028.41,24504.35,-186.25,NEGATIVE VOL GEX,22817.46,-30731.61,-7914.15,24371.50,-53.40,BEARISH VOL DEX,-3.11,-0.46,-629.68,1567.58,0,1
2026-08-26 11:03:25,24316.55,2026-09-01,6.185,16017.57,-24628.97,-8611.40,24468.92,-152.37,NEGATIVE VOL GEX,22793.01,-31309.56,-8516.55,24375.83,-59.28,BEARISH VOL DEX,-1.60,-1.16,417.01,-602.40,0,1
2026-08-26 11:04:26,24310.15,2026-09-01,6.184,16013.93,-24810.36,-8796.43,24478.20,-168.05,NEGATIVE VOL GEX,22490.10,-32278.59,-9788.49,24376.68,-66.53,BEARISH VOL DEX,-1.80,-2.58,-185.03,-1271.94,0,1
2026-08-26 11:05:28,24313.25,2026-09-01,6.184,16127.44,-25013.69,-8886.25,24480.50,-167.25,NEGATIVE VOL GEX,22775.00,-32124.45,-9349.45,24376.71,-63.46,BEARISH VOL DEX,-1.75,-1.78,-89.82,439.04,0,1
2026-08-26 11:06:29,24311.75,2026-09-01,6.183,16265.66,-24833.42,-8567.76,24486.68,-174.93,NEGATIVE VOL GEX,22726.87,-32368.09,-9641.22,24376.11,-64.36,BEARISH VOL DEX,-0.98,-2.11,318.49,-291.77,0,1
2026-08-26 11:07:30,24312.25,2026-09-01,6.182,16182.45,-25391.89,-9209.44,24484.11,-171.86,NEGATIVE VOL GEX,22944.64,-32661.79,-9717.15,24377.57,-65.32,BEARISH VOL DEX,-2.15,-1.90,-641.68,-75.93,0,1
2026-08-26 11:08:32,24315.15,2026-09-01,6.182,16357.28,-25229.90,-8872.61,24480.80,-165.65,NEGATIVE VOL GEX,23200.16,-32344.11,-9143.95,24376.42,-61.27,BEARISH VOL DEX,-1.26,-1.03,336.83,573.20,0,1
2026-08-26 11:09:33,24315.80,2026-09-01,6.181,16434.41,-25274.73,-8840.33,24480.40,-164.60,NEGATIVE VOL GEX,23292.61,-32357.96,-9065.34,24376.53,-60.73,BEARISH VOL DEX,-1.08,-0.85,32.28,78.61,0,1
2026-08-26 11:10:34,24321.50,2026-09-01,6.180,16556.36,-25562.75,-9006.39,24478.76,-157.26,NEGATIVE VOL GEX,23792.09,-31962.89,-8170.80,24376.93,-55.43,BEARISH VOL DEX,-1.30,0.18,-166.06,894.54,0,1
2026-08-26 11:11:36,24323.40,2026-09-01,6.179,16994.83,-25115.41,-8120.57,24486.91,-163.51,NEGATIVE VOL GEX,24005.72,-31834.97,-7829.25,24375.05,-51.65,BEARISH VOL DEX,0.50,0.57,885.82,341.55,0,1
2026-08-26 11:12:37,24325.10,2026-09-01,6.179,16861.39,-25638.43,-8777.04,24481.55,-156.45,NEGATIVE VOL GEX,24210.43,-31772.89,-7562.47,24376.10,-51.00,BEARISH VOL DEX,-0.74,0.87,-656.47,266.78,0,1
2026-08-26 11:13:38,24325.95,2026-09-01,6.178,16792.81,-26075.88,-9283.07,24474.96,-149.01,NEGATIVE VOL GEX,24424.65,-31903.07,-7478.41,24377.23,-51.28,BEARISH VOL DEX,-1.92,0.92,-506.03,84.06,0,1
2026-08-26 11:14:39,24325.85,2026-09-01,6.177,16782.87,-26455.39,-9672.52,24512.04,-186.19,NEGATIVE VOL GEX,24536.03,-31694.71,-7158.67,24372.45,-46.60,BEARISH VOL DEX,-2.68,1.22,-389.45,319.74,0,1
2026-08-26 11:15:40,24330.50,2026-09-01,6.177,17374.19,-26044.05,-8669.86,24479.91,-149.41,NEGATIVE VOL GEX,25126.68,-31793.42,-6666.73,24375.32,-44.82,BEARISH VOL DEX,-0.05,1.64,1002.66,491.94,0,1
2026-08-26 11:16:42,24324.95,2026-09-01,6.176,17132.82,-26604.72,-9471.90,24471.93,-146.98,NEGATIVE VOL GEX,24946.45,-32690.73,-7744.29,24377.02,-52.07,BEARISH VOL DEX,-1.77,0.46,-802.04,-1077.56,0,1
2026-08-26 11:17:43,24319.30,2026-09-01,6.175,17380.75,-26423.83,-9043.07,24478.01,-158.71,NEGATIVE VOL GEX,24638.79,-33393.25,-8754.46,24375.57,-56.27,BEARISH VOL DEX,-0.65,-0.50,428.83,-1010.17,0,1
2026-08-26 11:18:44,24306.20,2026-09-01,6.174,17363.36,-26773.94,-9410.58,24490.84,-184.64,NEGATIVE VOL GEX,24046.53,-35404.62,-11358.09,24375.94,-69.74,BEARISH VOL DEX,-1.39,-2.96,-367.51,-2603.63,0,1
2026-08-26 11:19:45,24311.05,2026-09-01,6.174,17398.53,-27374.26,-9975.73,24486.44,-175.39,NEGATIVE VOL GEX,24580.75,-35263.70,-10682.96,24377.71,-66.66,BEARISH VOL DEX,-2.58,-1.86,-565.15,675.13,0,1
2026-08-26 11:20:46,24308.80,2026-09-01,6.173,17542.09,-27438.30,-9896.21,24490.77,-181.97,NEGATIVE VOL GEX,24510.07,-35689.31,-11179.24,24377.13,-68.33,BEARISH VOL DEX,-2.01,-2.05,79.52,-496.28,0,1
2026-08-26 11:21:48,24311.90,2026-09-01,6.172,17727.20,-27495.05,-9767.85,24491.67,-179.77,NEGATIVE VOL GEX,24842.26,-35475.25,-10632.99,24376.96,-65.06,BEARISH VOL DEX,-1.53,-1.35,128.36,546.25,0,1
2026-08-26 11:22:49,24304.85,2026-09-01,6.172,17681.91,-27486.73,-9804.82,24496.64,-191.79,NEGATIVE VOL GEX,24476.51,-36485.42,-12008.91,24376.81,-71.96,BEARISH VOL DEX,-1.46,-2.26,-36.97,-1375.92,0,1
2026-08-26 11:23:51,24300.25,2026-09-01,6.171,17684.29,-28185.26,-10500.97,24492.70,-192.45,NEGATIVE VOL GEX,24394.70,-37554.82,-13160.12,24378.24,-77.99,BEARISH VOL DEX,-2.67,-2.67,-696.15,-1151.21,0,1
2026-08-26 11:24:52,24302.75,2026-09-01,6.170,17847.50,-28320.58,-10473.07,24508.21,-205.46,NEGATIVE VOL GEX,24676.05,-37421.68,-12745.63,24375.98,-73.23,BEARISH VOL DEX,-2.15,-1.94,27.90,414.49,0,1
2026-08-26 11:25:53,24304.35,2026-09-01,6.170,17831.57,-28569.82,-10738.25,24487.43,-183.08,NEGATIVE VOL GEX,24910.05,-37484.43,-12574.38,24379.50,-75.15,BEARISH VOL DEX,-2.25,-1.61,-265.18,171.25,0,1
2026-08-26 11:26:55,24306.65,2026-09-01,6.169,17992.52,-28590.76,-10598.24,24490.92,-184.27,NEGATIVE VOL GEX,25142.05,-37272.43,-12130.38,24378.59,-71.94,BEARISH VOL DEX,-1.71,-1.22,140.01,444.00,0,1
2026-08-26 11:27:56,24301.65,2026-09-01,6.168,18016.51,-28330.95,-10314.43,24499.53,-197.88,NEGATIVE VOL GEX,24840.32,-37904.06,-13063.75,24377.80,-76.15,BEARISH VOL DEX,-1.12,-1.56,283.81,-933.37,0,1
2026-08-26 11:28:58,24307.35,2026-09-01,6.167,18213.38,-28598.94,-10385.56,24499.43,-192.08,NEGATIVE VOL GEX,25305.78,-37460.45,-12154.66,24378.33,-70.98,BEARISH VOL DEX,-1.12,-0.99,-71.13,909.09,0,1
2026-08-26 11:29:59,24303.90,2026-09-01,6.167,18188.09,-28803.22,-10615.13,24500.50,-196.60,NEGATIVE VOL GEX,25162.36,-38025.23,-12862.87,24378.20,-74.30,BEARISH VOL DEX,-1.32,-1.22,-229.57,-708.21,0,1
2026-08-26 11:31:00,24305.40,2026-09-01,6.166,18325.45,-28701.13,-10375.68,24500.48,-195.08,NEGATIVE VOL GEX,25337.79,-37973.60,-12635.81,24378.37,-72.97,BEARISH VOL DEX,-0.87,-1.00,239.45,227.06,0,1
2026-08-26 11:32:02,24299.15,2026-09-01,6.165,18298.33,-28628.99,-10330.66,24508.14,-208.99,NEGATIVE VOL GEX,25038.07,-38928.20,-13890.12,24378.01,-78.86,BEARISH VOL DEX,-0.73,-1.44,45.02,-1254.31,0,1
2026-08-26 11:33:04,24300.00,2026-09-01,6.165,18364.49,-29567.09,-11202.60,24501.38,-201.38,NEGATIVE VOL GEX,25429.93,-39574.64,-14144.72,24380.22,-80.22,BEARISH VOL DEX,-2.05,-1.41,-871.94,-254.60,0,1
2026-08-26 11:34:05,24298.15,2026-09-01,6.164,18607.35,-29456.22,-10848.87,24512.04,-213.89,NEGATIVE VOL GEX,25347.21,-39914.86,-14567.65,24378.78,-80.63,BEARISH VOL DEX,-1.29,-1.46,353.73,-422.93,0,1
2026-08-26 11:35:06,24300.90,2026-09-01,6.163,18598.92,-29791.58,-11192.65,24510.46,-209.56,NEGATIVE VOL GEX,25651.43,-39758.73,-14107.30,24379.49,-78.59,BEARISH VOL DEX,-1.71,-1.14,-343.78,460.35,0,1
2026-08-26 11:36:08,24308.85,2026-09-01,6.162,18875.15,-30297.55,-11422.40,24506.96,-198.11,NEGATIVE VOL GEX,26399.07,-39083.22,-12684.15,24379.95,-71.10,BEARISH VOL DEX,-1.85,-0.39,-229.75,1423.15,0,1
2026-08-26 11:37:09,24308.20,2026-09-01,6.162,19013.42,-30276.73,-11263.31,24507.86,-199.66,NEGATIVE VOL GEX,26456.10,-39282.77,-12826.67,24379.55,-71.35,BEARISH VOL DEX,-1.51,-0.39,159.09,-142.52,0,1
2026-08-26 11:38:11,24312.30,2026-09-01,6.161,19242.31,-30288.39,-11046.08,24511.49,-199.19,NEGATIVE VOL GEX,26909.83,-38894.75,-11984.92,24378.72,-66.42,BEARISH VOL DEX,-1.02,0.30,217.23,841.75,0,1
2026-08-26 11:39:12,24311.90,2026-09-01,6.160,19146.14,-30879.01,-11732.87,24502.36,-190.46,NEGATIVE VOL GEX,26980.88,-39125.06,-12144.17,24379.82,-67.92,BEARISH VOL DEX,-2.21,0.39,-686.79,-159.25,0,1
2026-08-26 11:40:14,24308.55,2026-09-01,6.160,19091.42,-30860.79,-11769.37,24497.16,-188.61,NEGATIVE VOL GEX,26797.56,-39655.63,-12858.08,24380.56,-72.01,BEARISH VOL DEX,-2.06,-0.23,-36.50,-713.91,0,1
2026-08-26 11:41:15,24308.25,2026-09-01,6.159,19254.86,-30879.85,-11624.99,24501.53,-193.28,NEGATIVE VOL GEX,26835.65,-39779.19,-12943.54,24379.66,-71.41,BEARISH VOL DEX,-1.55,-0.23,144.38,-85.46,0,1
2026-08-26 11:42:16,24307.40,2026-09-01,6.158,19078.48,-31673.44,-12594.96,24540.90,-233.50,NEGATIVE VOL GEX,26883.43,-39639.07,-12755.64,24375.34,-67.94,BEARISH VOL DEX,-3.04,0.06,-969.97,187.90,0,1
2026-08-26 11:43:18,24310.00,2026-09-01,6.157,19295.44,-31217.29,-11921.84,24500.15,-190.15,NEGATIVE VOL GEX,27138.44,-39793.62,-12655.18,24380.19,-70.19,BEARISH VOL DEX,-1.48,0.35,673.12,100.46,0,1
2026-08-26 11:44:19,24309.10,2026-09-01,6.157,19324.61,-31352.84,-12028.23,24501.22,-192.12,NEGATIVE VOL GEX,27113.83,-39950.39,-12836.57,24379.77,-70.67,BEARISH VOL DEX,-1.53,0.15,-106.39,-181.39,0,1
2026-08-26 11:44:31,24308.60,2026-09-01,6.157,19271.39,-31582.49,-12311.10,24542.03,-233.43,NEGATIVE VOL GEX,27089.57,-39667.41,-12577.84,24375.24,-66.64,BEARISH VOL DEX,-1.79,0.49,-282.87,258.73,0,1
2026-08-26 11:45:32,24308.40,2026-09-01,6.156,19312.30,-31749.75,-12437.45,24542.00,-233.60,NEGATIVE VOL GEX,27106.76,-39743.05,-12636.29,24375.20,-66.80,BEARISH VOL DEX,-1.76,0.40,-126.35,-58.45,0,1
2026-08-26 11:45:48,24307.45,2026-09-01,6.156,21097.48,-33123.75,-12026.27,24444.64,-137.19,NEGATIVE VOL GEX,28318.87,-41149.76,-12830.89,24369.42,-61.97,BEARISH VOL DEX,-0.99,0.13,411.18,-194.60,0,1
2026-08-26 11:45:51,24307.35,2026-09-01,6.156,21056.92,-32913.72,-11856.80,24452.20,-144.85,NEGATIVE VOL GEX,28229.93,-41114.03,-12884.10,24369.90,-62.55,BEARISH VOL DEX,-0.66,0.11,169.47,-53.21,0,1
2026-08-26 11:46:52,24306.95,2026-09-01,6.155,21152.29,-32718.33,-11566.04,24434.32,-127.37,NEGATIVE VOL GEX,28224.31,-41663.98,-13439.67,24374.52,-67.57,BEARISH VOL DEX,-0.17,-0.71,290.76,-555.57,0,1
2026-08-26 11:47:53,24305.10,2026-09-01,6.154,21091.43,-33076.17,-11984.74,24452.98,-147.88,NEGATIVE VOL GEX,28148.28,-41646.34,-13498.06,24369.83,-64.73,BEARISH VOL DEX,-0.73,-0.72,-418.70,-58.39,0,1
2026-08-26 11:48:54,24298.95,2026-09-01,6.154,21063.39,-32591.73,-11528.34,24437.28,-138.33,NEGATIVE VOL GEX,27759.56,-43069.93,-15310.37,24374.48,-75.53,BEARISH VOL DEX,0.08,-3.33,456.40,-1812.31,0,1
2026-08-26 11:49:56,24299.35,2026-09-01,6.153,21024.21,-33285.97,-12261.76,24455.45,-156.10,NEGATIVE VOL GEX,27885.59,-42813.41,-14927.81,24370.30,-70.95,BEARISH VOL DEX,-1.13,-2.08,-733.42,382.56,0,1
2026-08-26 11:50:57,24300.35,2026-09-01,6.152,21175.57,-33082.19,-11906.62,24457.40,-157.05,NEGATIVE VOL GEX,28005.53,-42751.37,-14745.84,24370.13,-69.78,BEARISH VOL DEX,-0.37,-1.66,355.14,181.97,0,1
2026-08-26 11:51:58,24294.95,2026-09-01,6.151,21030.04,-33306.50,-12276.46,24458.88,-163.93,NEGATIVE VOL GEX,27712.73,-43756.27,-16043.53,24370.38,-75.43,BEARISH VOL DEX,-1.10,-2.91,-369.84,-1297.69,0,1
2026-08-26 11:53:00,24295.65,2026-09-01,6.151,21082.86,-33510.62,-12427.76,24459.51,-163.86,NEGATIVE VOL GEX,27835.93,-43860.71,-16024.79,24370.80,-75.15,BEARISH VOL DEX,-1.39,-2.43,-151.30,18.74,0,1
2026-08-26 11:54:01,24292.10,2026-09-01,6.150,21136.71,-33344.59,-12207.87,24462.49,-170.39,NEGATIVE VOL GEX,27639.74,-44508.58,-16868.84,24370.56,-78.46,BEARISH VOL DEX,-0.74,-2.75,219.89,-844.05,0,1
2026-08-26 11:55:02,24286.50,2026-09-01,6.149,21096.57,-34381.79,-13285.22,24463.97,-177.47,NEGATIVE VOL GEX,27602.49,-46038.19,-18435.70,24371.34,-84.84,BEARISH VOL DEX,-3.33,-3.30,-1077.35,-1566.86,0,1
2026-08-26 11:56:03,24291.80,2026-09-01,6.149,21308.29,-34950.10,-13641.81,24464.49,-172.69,NEGATIVE VOL GEX,28268.64,-45750.38,-17481.74,24372.45,-80.65,BEARISH VOL DEX,-3.38,-1.99,-356.59,953.96,0,1
2026-08-26 11:57:04,24294.05,2026-09-01,6.148,21693.93,-34395.84,-12701.91,24448.25,-154.20,NEGATIVE VOL GEX,28482.28,-45910.29,-17428.01,24375.74,-81.69,BEARISH VOL DEX,-0.99,-1.71,939.90,53.73,0,1
2026-08-26 11:58:05,24291.15,2026-09-01,6.147,21699.67,-34252.54,-12552.87,24451.70,-160.55,NEGATIVE VOL GEX,28373.43,-46540.28,-18166.85,24375.49,-84.34,BEARISH VOL DEX,-0.62,-1.89,149.04,-738.84,0,1
2026-08-26 11:59:07,24292.35,2026-09-01,6.146,21746.50,-34677.99,-12931.48,24451.21,-158.86,NEGATIVE VOL GEX,28518.37,-46563.91,-18045.54,24375.96,-83.61,BEARISH VOL DEX,-1.26,-1.59,-378.61,121.31,0,1
2026-08-26 12:00:08,24288.80,2026-09-01,6.146,21752.39,-34638.88,-12886.49,24450.70,-161.90,NEGATIVE VOL GEX,28276.54,-47180.37,-18903.83,24375.94,-87.14,BEARISH VOL DEX,-1.06,-1.81,44.99,-858.29,0,1
2026-08-26 12:01:09,24279.50,2026-09-01,6.145,21477.97,-34961.49,-13483.52,24455.13,-175.63,NEGATIVE VOL GEX,27837.09,-49072.72,-21235.62,24376.46,-96.96,BEARISH VOL DEX,-2.11,-2.62,-597.03,-2331.79,0,1
2026-08-26 12:02:10,24280.00,2026-09-01,6.144,21607.92,-35487.70,-13879.79,24474.67,-194.67,NEGATIVE VOL GEX,28040.66,-49000.30,-20959.64,24372.68,-92.68,BEARISH VOL DEX,-2.47,-2.06,-396.27,275.98,0,1
2026-08-26 12:03:11,24277.05,2026-09-01,6.144,21766.74,-35936.85,-14170.10,24479.19,-202.14,NEGATIVE VOL GEX,28064.08,-50016.77,-21952.69,24372.85,-95.80,BEARISH VOL DEX,-2.49,-2.16,-290.31,-993.05,0,1
2026-08-26 12:04:12,24271.65,2026-09-01,6.143,21564.23,-35651.51,-14087.29,24473.91,-202.26,NEGATIVE VOL GEX,27742.91,-51654.72,-23911.81,24378.70,-107.05,BEARISH VOL DEX,-1.95,-2.56,82.81,-1959.12,0,1
2026-08-26 12:05:14,24276.85,2026-09-01,6.142,22017.41,-36510.20,-14492.79,24482.98,-206.13,NEGATIVE VOL GEX,28394.87,-50915.47,-22520.60,24373.46,-96.61,BEARISH VOL DEX,-2.18,-1.71,-405.50,1391.21,0,1
2026-08-26 12:06:15,24280.50,2026-09-01,6.141,22201.04,-37117.49,-14916.46,24481.34,-200.84,NEGATIVE VOL GEX,28828.68,-50681.65,-21852.98,24373.71,-93.21,BEARISH VOL DEX,-2.33,-1.32,-423.67,667.62,0,1
2026-08-26 12:07:16,24276.55,2026-09-01,6.141,22253.18,-36563.81,-14310.63,24465.54,-188.99,NEGATIVE VOL GEX,28582.83,-51750.29,-23167.47,24377.31,-100.76,BEARISH VOL DEX,-1.36,-1.63,605.83,-1314.49,0,1
2026-08-26 12:08:17,24274.70,2026-09-01,6.140,22282.04,-36596.14,-14314.10,24467.27,-192.57,NEGATIVE VOL GEX,28509.05,-52248.77,-23739.72,24377.54,-102.84,BEARISH VOL DEX,-1.24,-1.66,-3.47,-572.25,0,1
2026-08-26 12:09:18,24276.15,2026-09-01,6.139,22391.76,-36632.91,-14241.14,24469.16,-193.01,NEGATIVE VOL GEX,28716.92,-52194.08,-23477.16,24377.44,-101.29,BEARISH VOL DEX,-1.05,-1.43,72.96,262.56,0,1
2026-08-26 12:10:19,24270.95,2026-09-01,6.139,22058.01,-37063.41,-15005.40,24503.12,-232.17,NEGATIVE VOL GEX,28343.39,-52928.54,-24585.15,24375.52,-104.57,BEARISH VOL DEX,-1.80,-1.65,-764.26,-1107.99,0,1
2026-08-26 12:11:20,24268.15,2026-09-01,6.138,22010.76,-37171.77,-15161.01,24481.89,-213.74,NEGATIVE VOL GEX,28286.94,-54074.03,-25787.09,24379.67,-111.52,BEARISH VOL DEX,-1.76,-1.88,-155.61,-1201.94,0,1
2026-08-26 12:12:22,24268.95,2026-09-01,6.137,22200.98,-37201.80,-15000.83,24482.60,-213.65,NEGATIVE VOL GEX,28399.41,-54150.45,-25751.04,24379.89,-110.94,BEARISH VOL DEX,-1.43,-1.69,160.18,36.05,0,1
2026-08-26 12:13:23,24269.95,2026-09-01,6.137,22177.30,-38157.83,-15980.53,24503.53,-233.58,NEGATIVE VOL GEX,28610.27,-53915.53,-25305.27,24375.93,-105.98,BEARISH VOL DEX,-2.35,-1.38,-979.70,445.77,0,1
2026-08-26 12:14:24,24275.50,2026-09-01,6.136,22690.47,-38555.19,-15864.72,24490.17,-214.67,NEGATIVE VOL GEX,29287.56,-53378.25,-24090.69,24375.06,-99.56,BEARISH VOL DEX,-1.91,-0.87,115.81,1214.58,0,1
2026-08-26 12:15:25,24278.45,2026-09-01,6.135,23091.83,-37946.22,-14854.39,24473.12,-194.67,NEGATIVE VOL GEX,29657.87,-53386.75,-23728.89,24377.77,-99.32,BEARISH VOL DEX,-0.71,-0.66,1010.33,361.80,0,1
2026-08-26 12:16:26,24279.40,2026-09-01,6.134,23082.01,-38948.15,-15866.15,24488.94,-209.54,NEGATIVE VOL GEX,29902.17,-53115.57,-23213.40,24374.39,-94.99,BEARISH VOL DEX,-1.67,-0.40,-1011.76,515.49,0,1
2026-08-26 12:17:27,24279.65,2026-09-01,6.134,23248.21,-39009.68,-15761.48,24488.89,-209.24,NEGATIVE VOL GEX,29985.83,-53187.68,-23201.85,24373.90,-94.25,BEARISH VOL DEX,-1.37,-0.32,104.67,11.55,0,1
2026-08-26 12:18:28,24285.15,2026-09-01,6.133,23725.14,-38894.69,-15169.55,24469.49,-184.34,NEGATIVE VOL GEX,30613.97,-52956.95,-22342.98,24377.78,-92.63,BEARISH VOL DEX,-0.67,0.15,591.93,858.87,0,1
2026-08-26 12:19:29,24287.40,2026-09-01,6.132,23889.96,-39106.78,-15216.83,24468.72,-181.32,NEGATIVE VOL GEX,30960.25,-52724.71,-21764.46,24377.37,-89.97,BEARISH VOL DEX,-0.66,0.55,-47.28,578.52,0,1
2026-08-26 12:20:31,24284.35,2026-09-01,6.132,23973.23,-38797.42,-14824.19,24471.70,-187.35,NEGATIVE VOL GEX,30788.52,-53272.46,-22483.94,24376.13,-91.78,BEARISH VOL DEX,-0.11,0.35,392.64,-719.48,0,1
2026-08-26 12:21:32,24280.10,2026-09-01,6.131,23890.23,-38879.45,-14989.23,24470.77,-190.67,NEGATIVE VOL GEX,30531.11,-54123.09,-23591.99,24376.14,-96.04,BEARISH VOL DEX,-0.23,-0.24,-165.04,-1108.05,0,1
2026-08-26 12:22:33,24283.40,2026-09-01,6.130,23869.04,-39446.67,-15577.64,24468.97,-185.57,NEGATIVE VOL GEX,30971.21,-53914.80,-22943.59,24377.63,-94.23,BEARISH VOL DEX,-1.06,0.32,-588.41,648.40,0,1
2026-08-26 12:23:34,24282.80,2026-09-01,6.129,23958.24,-39464.92,-15506.68,24472.14,-189.34,NEGATIVE VOL GEX,30977.12,-54076.71,-23099.59,24376.59,-93.79,BEARISH VOL DEX,-0.86,0.31,70.96,-156.00,0,1
2026-08-26 12:24:35,24286.00,2026-09-01,6.129,24168.31,-39318.95,-15150.64,24469.52,-183.52,NEGATIVE VOL GEX,31315.59,-53679.71,-22364.12,24377.30,-91.30,BEARISH VOL DEX,-0.16,1.01,356.04,735.47,0,1
2026-08-26 12:25:04,24290.45,2026-09-01,6.128,24494.87,-39563.09,-15068.22,24472.65,-182.20,NEGATIVE VOL GEX,31775.59,-53025.43,-21249.83,24376.13,-85.68,BEARISH VOL DEX,0.08,1.87,82.42,1114.29,0,1
2026-08-26 12:26:05,24284.85,2026-09-01,6.128,24257.07,-39655.27,-15398.20,24471.45,-186.60,NEGATIVE VOL GEX,31388.91,-54131.98,-22743.06,24376.57,-91.72,BEARISH VOL DEX,-0.51,0.51,-329.98,-1493.23,0,1
2026-08-26 12:26:17,24285.10,2026-09-01,6.128,24359.84,-39545.35,-15185.51,24471.91,-186.81,NEGATIVE VOL GEX,31393.40,-54071.69,-22678.29,24376.26,-91.16,BEARISH VOL DEX,-0.04,0.62,212.69,64.77,0,1
2026-08-26 12:27:18,24278.05,2026-09-01,6.127,24015.82,-40040.97,-16025.15,24489.76,-211.71,NEGATIVE VOL GEX,30849.55,-54986.85,-24137.30,24373.09,-95.04,BEARISH VOL DEX,-1.74,-0.59,-839.64,-1459.01,0,1
2026-08-26 12:28:19,24275.60,2026-09-01,6.126,23947.09,-39980.49,-16033.40,24470.78,-195.18,NEGATIVE VOL GEX,30753.70,-55999.43,-25245.73,24377.40,-101.80,BEARISH VOL DEX,-1.63,-1.47,-8.25,-1108.43,0,1
2026-08-26 12:29:20,24280.25,2026-09-01,6.125,24147.75,-40087.34,-15939.58,24471.07,-190.82,NEGATIVE VOL GEX,31254.03,-55396.51,-24142.48,24377.41,-97.16,BEARISH VOL DEX,-1.36,-0.48,93.82,1103.25,0,1
2026-08-26 12:30:21,24274.70,2026-09-01,6.125,24115.97,-39868.47,-15752.50,24475.57,-200.87,NEGATIVE VOL GEX,30817.50,-56368.97,-25551.47,24376.68,-101.98,BEARISH VOL DEX,-0.77,-1.60,187.08,-1408.99,0,1
2026-08-26 12:31:07,24272.85,2026-09-01,6.124,23956.36,-40656.21,-16699.85,24491.86,-219.01,NEGATIVE VOL GEX,30792.82,-56572.84,-25780.02,24373.32,-100.47,BEARISH VOL DEX,-2.96,-1.82,-947.35,-228.55,0,1
2026-08-26 12:32:08,24273.70,2026-09-01,6.124,24097.71,-40312.23,-16214.53,24473.29,-199.59,NEGATIVE VOL GEX,30934.77,-56921.65,-25986.89,24377.28,-103.58,BEARISH VOL DEX,-1.37,-1.97,485.32,-206.87,0,1
2026-08-26 12:33:09,24270.70,2026-09-01,6.123,23790.82,-40810.14,-17019.32,24507.64,-236.94,NEGATIVE VOL GEX,30730.47,-57236.42,-26505.95,24374.61,-103.91,BEARISH VOL DEX,-2.92,-2.25,-804.79,-519.06,0,1
2026-08-26 12:34:10,24276.20,2026-09-01,6.122,24290.99,-41072.94,-16781.95,24493.83,-217.63,NEGATIVE VOL GEX,31408.44,-56549.91,-25141.48,24373.54,-97.34,BEARISH VOL DEX,-1.96,-1.01,237.37,1364.47,0,1
2026-08-26 12:35:11,24279.80,2026-09-01,6.121,24537.37,-40970.35,-16432.99,24474.18,-194.38,NEGATIVE VOL GEX,31848.30,-56525.98,-24677.69,24377.47,-97.67,BEARISH VOL DEX,-1.16,-0.64,348.96,463.79,0,1
2026-08-26 12:36:12,24282.30,2026-09-01,6.121,24676.34,-41128.34,-16452.00,24473.31,-191.01,NEGATIVE VOL GEX,32193.37,-56269.63,-24076.25,24377.52,-95.22,BEARISH VOL DEX,-1.11,-0.19,-19.01,601.44,0,1
2026-08-26 12:37:13,24285.00,2026-09-01,6.120,24875.01,-41212.37,-16337.36,24471.72,-186.72,NEGATIVE VOL GEX,32509.08,-55911.03,-23401.95,24377.38,-92.38,BEARISH VOL DEX,-0.85,0.28,114.64,674.30,0,1
2026-08-26 12:38:14,24283.70,2026-09-01,6.119,25069.60,-40901.86,-15832.26,24475.53,-191.83,NEGATIVE VOL GEX,32419.40,-56131.73,-23712.33,24376.09,-92.39,BEARISH VOL DEX,-0.00,0.11,505.10,-310.38,0,1
2026-08-26 12:39:15,24281.90,2026-09-01,6.119,25012.20,-40918.34,-15906.14,24474.48,-192.58,NEGATIVE VOL GEX,32274.35,-56529.19,-24254.83,24376.43,-94.53,BEARISH VOL DEX,-0.07,-0.20,-73.88,-542.50,0,1
2026-08-26 12:40:16,24277.40,2026-09-01,6.118,24941.16,-40765.84,-15824.68,24478.19,-200.79,NEGATIVE VOL GEX,31974.50,-57359.04,-25384.54,24375.81,-98.41,BEARISH VOL DEX,0.15,-0.97,81.46,-1129.71,0,1
2026-08-26 12:41:17,24274.60,2026-09-01,6.117,24875.74,-40907.01,-16031.28,24480.16,-205.56,NEGATIVE VOL GEX,31822.08,-58006.68,-26184.60,24375.50,-100.90,BEARISH VOL DEX,-0.13,-1.46,-206.60,-800.06,0,1
2026-08-26 12:42:18,24276.60,2026-09-01,6.116,24742.16,-41928.03,-17185.87,24494.47,-217.87,NEGATIVE VOL GEX,32137.14,-57585.63,-25448.50,24373.19,-96.59,BEARISH VOL DEX,-2.21,-0.79,-1154.59,736.10,0,1
2026-08-26 12:43:19,24279.85,2026-09-01,6.116,24872.19,-42325.63,-17453.44,24492.35,-212.50,NEGATIVE VOL GEX,32519.89,-57200.99,-24681.09,24373.37,-93.52,BEARISH VOL DEX,-2.33,-0.17,-267.57,767.41,0,1
2026-08-26 12:44:19,24283.65,2026-09-01,6.115,25208.97,-41907.06,-16698.09,24472.98,-189.33,NEGATIVE VOL GEX,32905.33,-57041.55,-24136.22,24377.28,-93.63,BEARISH VOL DEX,-0.82,0.31,755.35,544.87,0,1
2026-08-26 12:45:20,24284.15,2026-09-01,6.114,25456.48,-41548.07,-16091.59,24476.97,-192.82,NEGATIVE VOL GEX,32988.85,-56919.45,-23930.60,24376.21,-92.06,BEARISH VOL DEX,0.29,0.70,606.50,205.62,0,1
2026-08-26 12:46:21,24282.15,2026-09-01,6.114,25418.07,-41511.41,-16093.34,24477.75,-195.60,NEGATIVE VOL GEX,32877.58,-57320.78,-24443.20,24375.77,-93.62,BEARISH VOL DEX,0.37,0.31,-1.75,-512.60,0,1
2026-08-26 12:47:23,24280.60,2026-09-01,6.113,25396.00,-41658.06,-16262.06,24476.34,-195.74,NEGATIVE VOL GEX,32753.04,-57697.78,-24944.74,24376.08,-95.48,BEARISH VOL DEX,0.16,-0.12,-168.72,-501.54,0,1
2026-08-26 12:48:24,24277.10,2026-09-01,6.112,25207.58,-41972.57,-16764.99,24476.60,-199.50,NEGATIVE VOL GEX,32580.22,-58517.07,-25936.84,24376.27,-99.17,BEARISH VOL DEX,-0.85,-1.21,-502.93,-992.10,0,1
2026-08-26 12:49:25,24278.20,2026-09-01,6.112,25455.35,-41689.56,-16234.21,24480.79,-202.59,NEGATIVE VOL GEX,32650.97,-58283.97,-25633.00,24375.41,-97.21,BEARISH VOL DEX,0.32,-0.80,530.78,303.84,0,1
2026-08-26 12:50:26,24278.90,2026-09-01,6.111,25550.32,-41676.05,-16125.73,24479.99,-201.09,NEGATIVE VOL GEX,32787.52,-58224.06,-25436.54,24375.24,-96.34,BEARISH VOL DEX,0.58,-0.50,108.48,196.46,0,1
2026-08-26 12:51:27,24277.95,2026-09-01,6.110,25570.53,-41727.05,-16156.52,24480.14,-202.19,NEGATIVE VOL GEX,32755.06,-58500.96,-25745.90,24375.08,-97.13,BEARISH VOL DEX,0.58,-0.85,-30.79,-309.36,0,1
2026-08-26 12:52:28,24275.85,2026-09-01,6.109,25540.34,-41588.45,-16048.12,24481.56,-205.71,NEGATIVE VOL GEX,32606.88,-58912.82,-26305.94,24374.93,-99.08,BEARISH VOL DEX,0.76,-1.49,108.40,-560.04,0,1
2026-08-26 12:52:43,24275.80,2026-09-01,6.109,25489.02,-41886.83,-16397.81,24480.29,-204.49,NEGATIVE VOL GEX,32611.31,-58998.04,-26386.73,24375.28,-99.48,BEARISH VOL DEX,-0.02,-1.52,-349.69,-80.79,0,1
2026-08-26 12:53:28,24276.10,2026-09-01,6.109,25504.54,-41977.71,-16473.17,24480.04,-203.94,NEGATIVE VOL GEX,32680.12,-59027.60,-26347.48,24375.64,-99.54,BEARISH VOL DEX,-0.27,-1.50,-75.36,39.25,0,0
2026-08-26 12:54:29,24275.70,2026-09-01,6.108,25314.45,-42681.88,-17367.43,24475.17,-199.47,NEGATIVE VOL GEX,32737.34,-59370.86,-26633.53,24376.91,-101.21,BEARISH VOL DEX,-2.42,-1.66,-894.26,-286.05,0,1
2026-08-26 12:55:30,24279.40,2026-09-01,6.107,25606.67,-42863.92,-17257.26,24475.35,-195.95,NEGATIVE VOL GEX,33088.38,-58768.12,-25679.74,24376.56,-97.16,BEARISH VOL DEX,-1.80,-0.52,110.17,953.79,0,1
2026-08-26 12:56:31,24281.65,2026-09-01,6.107,25709.66,-43074.31,-17364.65,24494.05,-212.40,NEGATIVE VOL GEX,33390.34,-58083.09,-24692.75,24372.78,-91.13,BEARISH VOL DEX,-1.80,0.55,-107.39,986.99,0,1
2026-08-26 12:57:32,24281.95,2026-09-01,6.106,25876.73,-42795.08,-16918.36,24476.42,-194.47,NEGATIVE VOL GEX,33438.04,-58457.83,-25019.79,24376.11,-94.16,BEARISH VOL DEX,-0.79,0.31,446.29,-327.04,0,0
2026-08-26 12:58:33,24282.85,2026-09-01,6.105,25938.96,-42795.76,-16856.80,24475.63,-192.78,NEGATIVE VOL GEX,33592.22,-58374.00,-24781.77,24376.29,-93.44,BEARISH VOL DEX,-0.59,0.71,61.56,238.02,0,0
2026-08-26 12:59:34,24281.80,2026-09-01,6.104,25930.18,-42803.56,-16873.39,24474.74,-192.94,NEGATIVE VOL GEX,33533.31,-58627.29,-25093.98,24376.26,-94.46,BEARISH VOL DEX,-0.55,0.37,-16.59,-312.21,0,0
2026-08-26 13:00:36,24279.60,2026-09-01,6.104,26095.26,-42532.00,-16436.74,24479.26,-199.66,NEGATIVE VOL GEX,33340.64,-58972.18,-25631.54,24374.77,-95.17,BEARISH VOL DEX,0.39,-0.33,436.65,-537.56,0,1
2026-08-26 13:01:37,24275.40,2026-09-01,6.103,26018.45,-42487.46,-16469.01,24479.33,-203.93,NEGATIVE VOL GEX,33060.62,-59860.06,-26799.44,24374.53,-99.13,BEARISH VOL DEX,0.38,-1.89,-32.27,-1167.90,0,1
2026-08-26 13:02:38,24269.10,2026-09-01,6.102,25727.43,-42863.95,-17136.52,24486.92,-217.82,NEGATIVE VOL GEX,32580.74,-61223.12,-28642.38,24375.27,-106.17,BEARISH VOL DEX,-1.11,-3.86,-667.51,-1842.94,0,1
2026-08-26 13:03:39,24273.45,2026-09-01,6.102,26126.02,-43490.44,-17364.42,24473.39,-199.94,NEGATIVE VOL GEX,33272.04,-60842.04,-27570.00,24374.95,-101.50,BEARISH VOL DEX,-1.71,-1.80,-227.90,1072.38,0,1
2026-08-26 13:04:41,24272.95,2026-09-01,6.101,26202.35,-43508.76,-17306.42,24473.68,-200.73,NEGATIVE VOL GEX,33233.51,-61018.10,-27784.60,24374.74,-101.79,BEARISH VOL DEX,-1.41,-1.80,58.00,-214.60,0,0
2026-08-26 13:05:42,24277.40,2026-09-01,6.100,26336.63,-44516.30,-18179.68,24489.60,-212.20,NEGATIVE VOL GEX,33783.58,-60050.36,-26266.78,24371.42,-94.02,BEARISH VOL DEX,-3.09,-0.26,-873.26,1517.82,0,1
2026-08-26 13:06:43,24281.40,2026-09-01,6.100,26611.75,-44226.55,-17614.79,24489.51,-208.11,NEGATIVE VOL GEX,34323.06,-59463.80,-25140.75,24371.13,-89.73,BEARISH VOL DEX,-1.45,0.88,564.89,1126.03,0,1
2026-08-26 13:07:44,24279.70,2026-09-01,6.099,26651.05,-44407.16,-17756.10,24489.39,-209.69,NEGATIVE VOL GEX,34216.68,-59910.21,-25693.54,24370.80,-91.10,BEARISH VOL DEX,-1.54,0.37,-141.31,-552.79,0,1
2026-08-26 13:08:45,24277.40,2026-09-01,6.098,26833.53,-43441.62,-16608.08,24475.93,-198.53,NEGATIVE VOL GEX,33983.75,-60676.86,-26693.11,24373.72,-96.32,BEARISH VOL DEX,0.51,-0.60,1148.02,-999.57,0,1
2026-08-26 13:09:46,24273.60,2026-09-01,6.097,26607.20,-43996.59,-17389.40,24474.77,-201.17,NEGATIVE VOL GEX,33780.28,-61602.83,-27822.55,24374.00,-100.40,BEARISH VOL DEX,-0.77,-1.63,-781.32,-1129.44,0,1
2026-08-26 13:10:47,24271.40,2026-09-01,6.097,26409.52,-44095.60,-17686.08,24486.40,-215.00,NEGATIVE VOL GEX,33507.66,-62050.52,-28542.86,24375.03,-103.63,BEARISH VOL DEX,-1.21,-2.10,-296.68,-720.31,0,1
2026-08-26 13:11:48,24271.10,2026-09-01,6.096,26157.20,-44970.63,-18813.43,24503.76,-232.66,NEGATIVE VOL GEX,33602.01,-61942.52,-28340.51,24372.27,-101.17,BEARISH VOL DEX,-3.15,-1.63,-1127.35,202.35,0,1
2026-08-26 13:12:49,24272.40,2026-09-01,6.095,26530.68,-45327.50,-18796.82,24489.49,-217.09,NEGATIVE VOL GEX,33866.63,-61885.23,-28018.60,24371.20,-98.80,BEARISH VOL DEX,-2.54,-1.20,16.61,321.91,0,0
2026-08-26 13:13:50,24270.95,2026-09-01,6.095,26241.43,-45337.19,-19095.76,24502.09,-231.14,NEGATIVE VOL GEX,33665.45,-62193.92,-28528.47,24372.53,-101.58,BEARISH VOL DEX,-2.57,-1.48,-298.94,-509.87,0,1
2026-08-26 13:14:51,24269.75,2026-09-01,6.094,26345.62,-44995.03,-18649.41,24503.90,-234.15,NEGATIVE VOL GEX,33594.39,-62376.18,-28781.80,24372.06,-102.31,BEARISH VOL DEX,-1.56,-1.51,446.35,-253.33,0,0
2026-08-26 13:15:53,24266.90,2026-09-01,6.093,26450.97,-44634.32,-18183.34,24504.86,-237.96,NEGATIVE VOL GEX,33399.62,-63021.81,-29622.19,24371.55,-104.65,BEARISH VOL DEX,-0.82,-1.93,466.07,-840.39,0,1
2026-08-26 13:16:54,24262.10,2026-09-01,6.092,26418.60,-44656.93,-18238.32,24485.90,-223.80,NEGATIVE VOL GEX,33134.29,-64640.19,-31505.90,24374.68,-112.58,BEARISH VOL DEX,-0.82,-2.87,-54.98,-1883.71,0,1
2026-08-26 13:17:55,24257.70,2026-09-01,6.092,26133.13,-46003.99,-19870.86,24504.90,-247.20,NEGATIVE VOL GEX,33100.02,-65930.11,-32830.09,24372.23,-114.53,BEARISH VOL DEX,-2.73,-3.09,-1632.54,-1324.19,0,1
2026-08-26 13:18:56,24262.95,2026-09-01,6.091,26594.96,-46311.22,-19716.26,24504.51,-241.56,NEGATIVE VOL GEX,33718.74,-65111.39,-31392.65,24371.70,-108.75,BEARISH VOL DEX,-2.06,-1.77,154.60,1437.44,0,1
2026-08-26 13:19:57,24265.05,2026-09-01,6.090,26808.80,-46307.37,-19498.57,24505.87,-240.82,NEGATIVE VOL GEX,34057.53,-64877.68,-30820.15,24371.74,-106.69,BEARISH VOL DEX,-1.56,-1.31,217.69,572.50,0,1
2026-08-26 13:20:58,24260.10,2026-09-01,6.090,26655.24,-46396.66,-19741.42,24506.63,-246.53,NEGATIVE VOL GEX,33701.35,-66076.19,-32374.84,24371.86,-111.76,BEARISH VOL DEX,-1.63,-1.94,-242.85,-1554.69,0,1
2026-08-26 13:21:59,24260.40,2026-09-01,6.089,26749.65,-46553.18,-19803.53,24506.59,-246.19,NEGATIVE VOL GEX,33789.38,-66192.86,-32403.48,24371.66,-111.26,BEARISH VOL DEX,-1.54,-1.72,-62.11,-28.64,0,0
2026-08-26 13:23:00,24263.10,2026-09-01,6.088,26985.25,-46546.18,-19560.92,24506.84,-243.74,NEGATIVE VOL GEX,34117.43,-65772.63,-31655.20,24371.75,-108.65,BEARISH VOL DEX,-1.17,-1.19,242.61,748.28,0,1
2026-08-26 13:24:01,24258.20,2026-09-01,6.087,26921.59,-46242.70,-19321.11,24487.75,-229.55,NEGATIVE VOL GEX,33697.89,-67230.14,-33532.24,24374.92,-116.72,BEARISH VOL DEX,-0.83,-1.88,239.81,-1877.04,0,1
2026-08-26 13:25:03,24259.70,2026-09-01,6.087,27041.74,-46671.84,-19630.11,24507.99,-248.29,NEGATIVE VOL GEX,33955.59,-66760.31,-32804.72,24371.25,-111.55,BEARISH VOL DEX,-1.06,-1.35,-309.00,727.52,0,1
2026-08-26 13:26:04,24260.40,2026-09-01,6.086,27153.13,-46823.43,-19670.30,24507.31,-246.91,NEGATIVE VOL GEX,34087.38,-66768.37,-32680.99,24371.29,-110.89,BEARISH VOL DEX,-1.00,-1.17,-40.19,123.73,0,0
2026-08-26 13:27:05,24259.40,2026-09-01,6.085,26989.03,-47455.35,-20466.32,24504.79,-245.39,NEGATIVE VOL GEX,34095.59,-67221.92,-33126.33,24371.53,-112.13,BEARISH VOL DEX,-1.73,-1.23,-796.02,-445.34,0,1
2026-08-26 13:28:06,24255.00,2026-09-01,6.085,26928.06,-47098.32,-20170.26,24507.62,-252.62,NEGATIVE VOL GEX,33737.21,-68136.45,-34399.24,24371.26,-116.26,BEARISH VOL DEX,-1.24,-1.69,296.06,-1272.91,0,1
2026-08-26 13:29:07,24259.35,2026-09-01,6.084,27285.23,-47237.65,-19952.42,24508.23,-248.88,NEGATIVE VOL GEX,34176.67,-67376.63,-33199.96,24371.07,-111.72,BEARISH VOL DEX,-0.91,-1.05,217.84,1199.28,0,1
2026-08-26 13:30:08,24268.35,2026-09-01,6.083,27818.79,-47151.74,-19332.96,24487.72,-219.37,NEGATIVE VOL GEX,35234.08,-66311.66,-31077.58,24374.84,-106.49,BEARISH VOL DEX,-0.14,0.02,619.46,2122.38,0,1
2026-08-26 13:31:09,24265.95,2026-09-01,6.083,27710.97,-47399.34,-19688.37,24508.39,-242.44,NEGATIVE VOL GEX,35121.25,-66563.58,-31442.33,24371.21,-105.26,BEARISH VOL DEX,-0.53,-0.08,-355.41,-364.75,0,0
2026-08-26 13:32:11,24265.25,2026-09-01,6.082,27697.32,-47739.51,-20042.19,24507.58,-242.33,NEGATIVE VOL GEX,35128.63,-66847.15,-31718.52,24371.22,-105.97,BEARISH VOL DEX,-1.04,-0.16,-353.82,-276.19,0,0
2026-08-26 13:33:12,24263.85,2026-09-01,6.081,27433.25,-48425.22,-20991.97,24506.16,-242.31,NEGATIVE VOL GEX,35136.89,-67373.90,-32237.00,24371.77,-107.92,BEARISH VOL DEX,-2.50,-0.37,-949.78,-518.48,0,1
2026-08-26 13:34:13,24262.45,2026-09-01,6.080,27591.18,-48104.40,-20513.22,24507.63,-245.18,NEGATIVE VOL GEX,34999.68,-67611.98,-32612.30,24371.30,-108.85,BEARISH VOL DEX,-1.38,-0.53,478.75,-375.30,0,0
2026-08-26 13:35:14,24268.10,2026-09-01,6.080,27959.50,-47851.59,-19892.08,24508.98,-240.88,NEGATIVE VOL GEX,35641.96,-66565.13,-30923.17,24371.31,-103.21,BEARISH VOL DEX,-0.34,0.83,621.14,1689.13,0,1
2026-08-26 13:36:15,24263.50,2026-09-01,6.079,27832.88,-48048.92,-20216.04,24508.09,-244.59,NEGATIVE VOL GEX,35227.45,-67609.83,-32382.38,24371.00,-107.50,BEARISH VOL DEX,-0.77,-0.24,-323.96,-1459.21,0,1
2026-08-26 13:37:16,24263.65,2026-09-01,6.078,27854.56,-48105.59,-20251.03,24508.29,-244.64,NEGATIVE VOL GEX,35283.94,-67683.22,-32399.28,24371.25,-107.60,BEARISH VOL DEX,-0.78,-0.15,-34.99,-16.90,0,0
2026-08-26 13:38:17,24263.55,2026-09-01,6.078,27785.10,-48526.45,-20741.35,24507.78,-244.23,NEGATIVE VOL GEX,35374.10,-67881.79,-32507.69,24371.38,-107.83,BEARISH VOL DEX,-1.96,-0.22,-490.32,-108.41,0,0
2026-08-26 13:39:19,24263.45,2026-09-01,6.077,27823.58,-48352.49,-20528.90,24486.06,-222.61,NEGATIVE VOL GEX,35397.29,-68350.17,-32952.87,24375.08,-111.63,BEARISH VOL DEX,-1.24,-0.73,212.45,-445.18,0,0
2026-08-26 13:40:20,24267.15,2026-09-01,6.076,28000.18,-48792.92,-20792.74,24507.89,-240.74,NEGATIVE VOL GEX,35852.06,-67293.73,-31441.67,24371.28,-104.13,BEARISH VOL DEX,-1.68,1.02,-263.84,1511.20,0,1
2026-08-26 13:41:21,24269.40,2026-09-01,6.075,27901.08,-49982.91,-22081.83,24503.66,-234.26,NEGATIVE VOL GEX,36426.90,-67377.34,-30950.44,24372.56,-103.16,BEARISH VOL DEX,-4.13,1.69,-1289.09,491.23,0,1
2026-08-26 13:42:22,24269.15,2026-09-01,6.075,28426.50,-48933.28,-20506.78,24507.05,-237.90,NEGATIVE VOL GEX,36377.42,-67253.54,-30876.13,24370.90,-101.75,BEARISH VOL DEX,-0.49,1.58,1575.05,74.31,0,1
2026-08-26 13:43:23,24265.65,2026-09-01,6.074,28422.58,-48869.92,-20447.34,24507.56,-241.91,NEGATIVE VOL GEX,36058.20,-68041.38,-31983.17,24370.37,-104.72,BEARISH VOL DEX,-0.35,0.27,59.44,-1107.04,0,1
2026-08-26 13:44:24,24264.90,2026-09-01,6.073,28409.72,-49025.79,-20616.08,24506.57,-241.67,NEGATIVE VOL GEX,36042.77,-68304.31,-32261.54,24370.32,-105.42,BEARISH VOL DEX,-0.55,0.00,-168.74,-278.37,0,0
2026-08-26 13:45:25,24258.95,2026-09-01,6.073,28130.96,-49434.14,-21303.18,24504.88,-245.93,NEGATIVE VOL GEX,35629.16,-69784.91,-34155.75,24370.31,-111.36,BEARISH VOL DEX,-1.62,-2.14,-687.10,-1894.21,0,1
2026-08-26 13:46:26,24260.85,2026-09-01,6.072,28463.30,-48976.65,-20513.35,24507.98,-247.13,NEGATIVE VOL GEX,35865.75,-69448.03,-33582.27,24369.84,-108.99,BEARISH VOL DEX,-0.17,-1.31,789.83,573.48,0,1
2026-08-26 13:47:27,24259.80,2026-09-01,6.071,28400.96,-49104.61,-20703.65,24507.29,-247.49,NEGATIVE VOL GEX,35862.82,-69811.12,-33948.30,24370.14,-110.34,BEARISH VOL DEX,-0.42,-1.57,-190.30,-366.03,0,0
2026-08-26 13:48:28,24259.40,2026-09-01,6.071,28328.15,-49486.43,-21158.28,24507.10,-247.70,NEGATIVE VOL GEX,35873.90,-70027.65,-34153.75,24370.27,-110.87,BEARISH VOL DEX,-1.17,-1.65,-454.63,-205.45,0,0
2026-08-26 13:49:29,24261.75,2026-09-01,6.070,28513.72,-49569.07,-21055.35,24507.32,-245.57,NEGATIVE VOL GEX,36161.06,-69657.53,-33496.47,24370.41,-108.66,BEARISH VOL DEX,-0.89,-1.08,102.93,657.28,0,1
2026-08-26 13:50:30,24262.30,2026-09-01,6.069,28324.63,-50328.88,-22004.25,24504.00,-241.70,NEGATIVE VOL GEX,36358.95,-69818.94,-33459.99,24370.87,-108.57,BEARISH VOL DEX,-2.37,-1.02,-948.90,36.48,0,1
2026-08-26 13:51:31,24260.00,2026-09-01,6.068,28369.27,-49934.37,-21565.10,24507.34,-247.34,NEGATIVE VOL GEX,36141.39,-70230.54,-34089.15,24370.17,-110.17,BEARISH VOL DEX,-1.41,-1.51,439.15,-629.16,0,1
2026-08-26 13:52:32,24263.25,2026-09-01,6.068,28451.07,-50520.68,-22069.61,24504.89,-241.64,NEGATIVE VOL GEX,36554.79,-69788.28,-33233.49,24370.83,-107.58,BEARISH VOL DEX,-2.14,-0.57,-504.51,855.66,0,1
2026-08-26 13:53:33,24267.45,2026-09-01,6.067,29069.10,-49226.71,-20157.61,24489.13,-221.68,NEGATIVE VOL GEX,36965.91,-69168.35,-32202.44,24373.32,-105.87,BEARISH VOL DEX,1.17,0.44,1912.00,1031.05,0,1
2026-08-26 13:54:34,24266.00,2026-09-01,6.066,28885.70,-50101.92,-21216.22,24506.48,-240.48,NEGATIVE VOL GEX,36913.88,-69199.90,-32286.01,24369.86,-103.86,BEARISH VOL DEX,-0.55,0.36,-1058.61,-83.57,0,1
2026-08-26 13:55:35,24263.90,2026-09-01,6.066,28748.89,-50295.62,-21546.73,24505.61,-241.71,NEGATIVE VOL GEX,36752.39,-69779.07,-33026.68,24370.23,-106.33,BEARISH VOL DEX,-1.01,-0.33,-330.51,-740.67,0,1
2026-08-26 13:56:36,24261.65,2026-09-01,6.065,28673.12,-50417.81,-21744.69,24505.73,-244.08,NEGATIVE VOL GEX,36579.30,-70268.23,-33688.93,24369.81,-108.16,BEARISH VOL DEX,-1.24,-0.91,-197.96,-662.25,0,1
2026-08-26 13:57:37,24261.05,2026-09-01,6.064,28806.89,-50118.51,-21311.62,24506.65,-245.60,NEGATIVE VOL GEX,36489.54,-70392.06,-33902.52,24369.77,-108.72,BEARISH VOL DEX,-0.42,-1.04,433.07,-213.59,0,0
2026-08-26 13:58:39,24263.05,2026-09-01,6.063,28875.94,-50366.90,-21490.96,24505.75,-242.70,NEGATIVE VOL GEX,36747.28,-70091.92,-33344.64,24369.86,-106.81,BEARISH VOL DEX,-0.66,-0.42,-179.34,557.88,0,1
2026-08-26 13:59:40,24261.20,2026-09-01,6.063,28598.56,-50979.13,-22380.56,24505.98,-244.78,NEGATIVE VOL GEX,36650.67,-70595.11,-33944.44,24369.87,-108.67,BEARISH VOL DEX,-2.10,-0.95,-889.60,-599.80,0,1
2026-08-26 14:00:41,24262.25,2026-09-01,6.062,28850.21,-50382.84,-21532.63,24506.44,-244.19,NEGATIVE VOL GEX,36760.69,-70359.61,-33598.93,24369.79,-107.54,BEARISH VOL DEX,-0.47,-0.56,847.93,345.51,0,1
2026-08-26 14:01:42,24260.25,2026-09-01,6.061,28715.41,-50893.09,-22177.68,24506.20,-245.95,NEGATIVE VOL GEX,36628.35,-70919.28,-34290.93,24369.75,-109.50,BEARISH VOL DEX,-1.45,-1.17,-645.05,-692.00,0,1
